Question Number,Question (English),Question (Hindi),Option A (English),Option A (Hindi),Option B (English),Option B (Hindi),Option C (English),Option C (Hindi),Option D (English),Option D (Hindi),Correct Answer (English),Correct Answer (Hindi)
1,"Profiling is not done to detect the following:-","निम्नलिखित का पता लगाने के लिए प्रोफाइलिंग नहीं की जाती है","Terrorist with intend to harm the airline","एयरलाइन को नुकसान पहुंचाने के इरादे से आतंकवादी","Criminal","आपराधिक","Celebrities","हस्तियाँ","Trafficking of drugs","नशीले पदार्थों की तस्करी","Celebrities","हस्तियाँ"
2,"What should not be the course of action if we notice suspicious sign during profiling?","यदि हम प्रोफाइलिंग के दौरान संदिग्ध संकेत देखते हैं तो क्या कार्रवाई नहीं होनी चाहिए?","Inform supervisor","पर्यवेक्षक को सूचित करें","Increase surveillance","निगरानी बढ़ाएँ","Ignore and carry out regular security procedure","ध्यान न दें और नियमित सुरक्षा प्रक्रिया अपनाएं","Ensure that he has cleared all security points","सुनिश्चित करें कि उसने सभी सुरक्षा बिंदुओं को मंजूरी दे दी है","Ignore and carry out regular security procedure","ध्यान न दें और नियमित सुरक्षा प्रक्रिया अपनाएं"
3,"When a suspected device is discovered by a searcher during search what should he do?","खोज के दौरान खोजकर्ता द्वारा संदिग्ध उपकरण मिलने पर उसे क्या करना चाहिए?","Announce that search is over","घोषणा करें कि खोज समाप्त हो गई है","Continue the search for secondary device","द्वितीयक उपकरण की खोज जारी रखें","Search should be conducted after a break","एक ब्रेक के बाद खोज की जानी चाहिए","Leave the search area","खोज क्षेत्र छोड़ दें","Continue the search for secondary device","द्वितीयक उपकरण की खोज जारी रखें"
4,"If the warning receive indicates the possible detonation time what will be your best and safest action?","यदि चेतावनी प्राप्त होने से संभावित विस्फोट समय का संकेत मिलता है तो आपकी सबसे अच्छी और सुरक्षित कार्रवाई क्या होगी?","Evacuate all personnel and wait BDDS team","सभी कर्मियों को बाहर निकालें और बीडीडीएस टीम की प्रतीक्षा करें","Wait for BDDS team, who will evacuate the area","बीडीडीएस टीम की प्रतीक्षा करें, जो क्षेत्र को खाली कर देगी","Only BDDS is the authority who will solve this situation","केवल बीडीडीएस ही वह प्राधिकरण है जो इस स्थिति का समाधान करेगा","Any agency working at the airport can deal this situation","एयरपोर्ट पर काम करने वाली कोई भी एजेंसी इस स्थिति से निपट सकती है","Evacuate all personnel and wait BDDS team","सभी कर्मियों को बाहर निकालें और बीडीडीएस टीम की प्रतीक्षा करें"
5,"Air cargo may be transported as","एयर कार्गो को इस रूप में ले जाया जा सकता है","On passenger aircraft","यात्री विमानों पर","Cargo aircraft","यात्री विमानों पर","Both of the above","ऊपर के दोनों","Military aircraft","सैन्य विमान","Both of the above","ऊपर के दोनों"
6,"Cargo is highly vulnerable in nature. What cannot be the reason behind this?","कार्गो प्रकृति में अत्यधिक संवेदनशील है। इसके पीछे क्या कारण नहीं हो सकता है?","Volume carried increasing","मात्रा बढ़ती चली गई","Cargo system is well known","कार्गो प्रणाली सर्वविदित है","Difficult to screen","स्क्रीन करना मुश्किल","Cargo is mainly used for business purpose","कार्गो का उपयोग मुख्य रूप से व्यावसायिक उद्देश्य के लिए किया जाता है","Cargo is mainly used for business purpose","कार्गो का उपयोग मुख्य रूप से व्यावसायिक उद्देश्य के लिए किया जाता है"
7,"Exemption from security screening of consignment","छूट सुरक्षा जांच खेप","Should have permission from appropriate authority","उपयुक्त प्राधिकारी से अनुमति होनी चाहिए","Should not be tampered anywhere","छेड़छाड़ नहीं की जानी चाहिए","Protect from unlawful Interference","अवैध हस्तक्षेप से रक्षा करें","Route for bringing the cargo","माल लाने का मार्ग","Should have permission from appropriate authority","उपयुक्त प्राधिकारी से अनुमति होनी चाहिए"
8,"Guideline has been given by the regulatory authority for the security of high value goods. Out of the below mentioned measures which is not the security measures for high value goods?","उच्च मूल्य के सामान की सुरक्षा के लिए नियामकीय प्राधिकरण द्वारा दिशा-निर्देश दिया गया है। नीचे दिए गए उपायों में से कौन सा उपाय उच्च मूल्य के सामान के लिए सुरक्षा उपाय नहीं है?","Security check as for other cargo","अन्य कार्गो के लिए सुरक्षा जांच","Stored in strong room","स्ट्रांग रूम में रखा गया है","Escort","अनुरक्षण","Keep It In a nationalised banks locker","इसे राष्ट्रीयकृत बैंकों के लॉकर में रखें","Keep It In a nationalised banks locker","इसे राष्ट्रीयकृत बैंकों के लॉकर में रखें"
9,"In which of the following condition cargo should be send for physical check","निम्नलिखित में से किस स्थिति में भौतिक जांच के लिए कार्गो भेजा जाना चाहिए","If image is clear","अगर तस्वीर साफ है","If image is matching with the declaration","अगर छवि घोषणा के साथ मेल खा रही है","For random physical check that Is 5%","यादृच्छिक भौतिक जांच के लिए अर्थात 5%","After cooling off of the cargo","कार्गो के ठंडा होने के बाद","For random physical check that Is 5%","यादृच्छिक भौतिक जांच के लिए अर्थात 5%"
10,"Known cargo is the cargo","ज्ञात कार्गो कार्गो है","Of a known consignor","किसी ज्ञात मालवाहक का","Secured according to ICAO standard 4.3.8","आईसीएओ मानक 4.3.8 के अनुसार सुरक्षित","Protected from unauthorised access","अनधिकृत पहुंच से सुरक्षित","Sent by agent","","Of a known consignor","किसी ज्ञात मालवाहक का"
11,"Among the following which is not a step for profiling?","निम्नलिखित में से कौन सा प्रोफाइलिंग के लिए एक कदम नहीं है","Interviewing process","साक्षात्कार प्रक्रिया","Threat assessment","खतरे का आकलन","Visual profiling of potential terrorist","संभावित आतंकवादी की दृश्य रूपरेखा","Excessive fidgeting","अत्यधिक चंचलता","Excessive fidgeting","अत्यधिक चंचलता"
12,"Profiling is not done by which of the following staff in airport?","एयरपोर्ट में निम्नलिखित में से किस कर्मचारी द्वारा प्रोफाइलिंग नहीं की जाती है?","Airline staff at check in counters","चेक इन काउंटरों पर एयरलाइन कर्मचारी","CISF screeners at pre-embarkation security check point","प्रीइम्बार्केशन सुरक्षा जांच बिंदु पर सीआईएसएफ स्क्रीनर्स","Officer at Immigration and customs counter","आव्रजन और सीमा शुल्क काउंटर पर अधिकारी","Railway reservation clerk","रेलवे आरक्षण लिपिक","Railway reservation clerk","रेलवे आरक्षण लिपिक"
13,"Systematic observation of passenger to categorized them into threatening and non threatening so that additional attention can be given to threatening passenger is known as:","यात्रियों को धमकी देने वाले और गैर धमकी देने वाले में वर्गीकृत करने के लिए व्यवस्थित अवलोकन ताकि यात्रियों को धमकी देने पर अतिरिक्त ध्यान दिया जा सके:-","Positioning","पोजीशनिंग","Projection","प्रक्षेपण","Profiling","रूपरेखा","Sampling","सैम्पलिंग","Profiling","रूपरेखा"
14,"The following cargo can be send on passenger cargo.","निम्नलिखित कार्गो को यात्री कार्गो पर भेजा जा सकता है।","Only cargo forwarded by known consignor","ज्ञात प्रेषक द्वारा केवल कार्गो अग्रेषित किया गया","Only cargo forwarded by unknown consignor","अज्ञात प्रेषक द्वारा केवल कार्गो अग्रेषित किया गया","AVI","एवी","All of the above","","All of the above",""
15,"What are the characteristic of computer aided pax profiling system?","कंप्यूटर एडेड पैक्स प्रोफाइलिंग सिस्टम की विशेषताएं क्या हैं?","To know the health status of the passenger","यात्री के स्वास्थ्य की स्थिति जानने के लिए","To know the bank balance of the passenger","यात्री का बैंक बैलेंस जानने के लिए","To know the IQ of passenger","यात्री का आईक्यू जानने के लिए","Study the passenger personal detail before check-in","चेक-इन से पहले यात्रियों के व्यक्तिगत विवरण का अध्ययन करें","Study the passenger personal detail before check-in","चेक-इन से पहले यात्रियों के व्यक्तिगत विवरण का अध्ययन करें"
16,"What is account customer?","खाता ग्राहक क्या है?","Having account or credit account with airlines","एयरलाइंस के साथ खाता या क्रेडिट खाता होना","Having account with airport operator","एयरपोर्ट ऑपरेटर के साथ खाता होना","Having his own account in at least one foreign bank","कम से कम एक विदेशी बैंक में अपना खाता होना","Operates the account of consignee","परेषिती के खाते का संचालन करता है","Having account or credit account with airlines","एयरलाइंस के साथ खाता या क्रेडिट खाता होना"
17,"Which of the bag is not suspicious bag?","कौन सा बैग संदिग्ध बैग नहीं है?","Dusty trolley bag","धूल भरा ट्रॉली बैग","Big bag with less weight","कम वजन वाला बड़ा बैग","Small bag with more weight","अधिक वजन वाला छोटा बैग","Baggage with books and cloths","किताबों और कपड़ों के साथ सामान","Baggage with books and cloths","किताबों और कपड़ों के साथ सामान"
18,"Which of the following best describes the purpose of profiling?","निम्नलिखित में से कौन प्रोफाइलिंग के उद्देश्य का सबसे अच्छा वर्णन करता है?","To conduct 100% physical check of baggage","सामान की 100% भौतिक जांच करने के लिए","To minimise the inconvenience caused to passenger due to security check","सुरक्षा जांच के कारण यात्रियों को होने वाली असुविधा को कम करने के लिए","To Identify passenger who may pose a threat to civil aviation operations and to subject them to further security check","नागरिक उड्डयन संचालन के लिए खतरा पैदा करने वाले यात्रियों की पहचान करना और उन्हें आगे की सुरक्षा जांच के अधीन करना","To identify the celebrity among the passenger","यात्री के बीच सेलिब्रिटी की पहचान करने के लिए","To Identify passenger who may pose a threat to civil aviation operations and to subject them to further security check","नागरिक उड्डयन संचालन के लिए खतरा पैदा करने वाले यात्रियों की पहचान करना और उन्हें आगे की सुरक्षा जांच के अधीन करना"
19,"Which of the following data is not verified in CAPPS?","निम्नलिखित में से कौन सा डेटा CAPPS में सत्यापित नहीं है?","Passenger personnel data such as date of birth, native place, address etc","यात्री कार्मिक डेटा जैसे जन्म तिथि, मूल स्थान, पता आदि।","Passenger educational details","यात्री शैक्षिक विवरण","Passenger bank account details, travel records, club membership details","यात्री बैंक खाता विवरण, यात्रा रिकॉर्ड, क्लब सदस्यता विवरण","Health status of the passenger","यात्री की स्वास्थ्य स्थिति","Health status of the passenger","यात्री की स्वास्थ्य स्थिति"
20,"Which of the following is not-a tool for profiling?","निम्नलिखित में से कौन-सा प्रोफाइलिंग का उपकरण नहीं है?","X-BIS","","DFMD","","Thermal Imager","","Dosimeter","","Dosimeter",""
21,"Which of the following qualities is not required for screener to conduct profiling?","प्रोफाइलिंग करने के लिए स्क्रीनर के लिए निम्न में से कौन सा गुण आवश्यक नहीं है?","Alertness","मुस्तैदी","Knowledge and logical thinking","ज्ञान और तार्किक सोच","Quick decision making","त्वरित निर्णय लेना","Rigid","कठोर","Rigid","कठोर"
22,"Which of the passenger do you concentrate more during security checks?","सुरक्षा जांच के दौरान आप किस यात्री पर अधिक ध्यान देते हैं?","Educated Passenger","शिक्षित यात्री","Business class passenger","बिजनेस क्लास यात्री","Passenger with many VISAS in his passport","यात्री जिसके पासपोर्ट में कई वीजा हैं","Frequent flyer","अक्सर हवाई यात्रा करने वाला","Passenger with many VISAS in his passport","यात्री जिसके पासपोर्ट में कई वीजा हैं"
23,"Who is responsible for construction of perimeter wall around the aerodrome?","हवाई अड्डे के चारों ओर परिधि दीवार के निर्माण के लिए कौन जिम्मेदार है?","Govt. of the state","","BCAS","","Aircraft Operator","","Airport Operator","","Airport Operator",""
24,"At the airport, at the cargo ware house a representative of CBSE approaches you to send some secret sensitive consignment to Chennai while accepting what you should not look for","हवाई अड्डे पर, कार्गो वेयर हाउस में सीबीएसई का एक प्रतिनिधि चेन्नई को कुछ गुप्त संवेदनशील खेप भेजने के लिए आपसे संपर्क करता है, जबकि आपको जो नहीं देखना चाहिए उसे स्वीकार करते हुए","Letter from head of the deptt.","","Letter from the agency who packed sealed secret sensitive cargo","","Letter from appropriate authority issuing exemption from the security check","","Letter from CASO","","Letter from CASO",""
25,"At the ramp loading of the baggage is in progress in SG119 and your supervisor has informed you that postal mail has to be loaded in the same aircraft and these postal mail is above 200gms. What you will look for?","रैंप पर सामान की लोडिंग SG119 में चल रही है और आपके पर्यवेक्षक ने आपको सूचित किया है कि डाक मेल को उसी विमान में लोड किया जाना है और ये डाक मेल 200 ग्राम से ऊपर है। आप क्या ढूंढेंगे?","Postal mail whether screened or not","डाक मेल चाहे जांच की गई हो या नहीं","A certificate is to be issued by the postal authority","डाक प्राधिकरण द्वारा एक प्रमाण पत्र जारी किया जाना है","Postal mail will be refused to accept","डाक मेल स्वीकार करने से मना कर दिया जाएगा","A & B of the above","","A & B of the above",""
26,"Which is not correct for cargo to be vulnerable or attractive target for terrorist attack?","","Able to target specific flight","","Difficult to screen due to its nature and size","","Low risk to terrorist because they cannot be identified","","Cargo system not well known","","Cargo system not well known",""
27,"If number of security seal of catering vehicle does not match with the number of seal mentioned on security certificate what will be the course of action?","यदि कैटरिंग वाहन की सुरक्षा सील की संख्या सुरक्षा प्रमाण पत्र पर अंकित मुहर की संख्या से मेल नहीं खाती है तो क्या कार्रवाई की जाएगी?","Ignore this and allow vehicle","इसे अनदेखा करें और वाहन को अनुमति दें","Change the seal no. in security certificate","सील नंबर बदलें। सुरक्षा प्रमाणपत्र में","Do not allows the vehicle and inform supervisor","वाहन को अनुमति न दें और पर्यवेक्षक को सूचित करें","Return the vehicle","वाहन लौटाओ","Do not allows the vehicle and inform supervisor","वाहन को अनुमति न दें और पर्यवेक्षक को सूचित करें"
28,"Among the following what comes under special security zone","निम्नलिखित में से विशेष सुरक्षा क्षेत्र के अंतर्गत क्या आता है?","BBA","","Car Parking","","BMA","","Catering Premises","","Catering Premises",""
29,"Passenger is not ready to open the bag for physical search at X-BIS machine, what action you will take?","यात्री एक्स-बीआईएस मशीन पर भौतिक खोज के लिए बैग खोलने के लिए तैयार नहीं है, आप क्या कार्रवाई करेंगे?","Inform ASG/APSU","एएसजी/एपीएसयू को सूचित करें","Put sticker and allow as the bag has passed through X-BIS","स्टिकर लगाएं और अनुमति दें क्योंकि बैग X-BIS से गुजर चुका है","Inform him that it is a procedure or else you will offload the bag","उसे बताएं कि यह एक प्रक्रिया है वरना आप बैग को उतार देंगे","Consider the bag as threat bag and follow the SOP","बैग को थ्रेट बैग समझें और एसओपी का पालन करें","Consider the bag as threat bag and follow the SOP","बैग को थ्रेट बैग समझें और एसओपी का पालन करें"
30,"Boarding for departing aircraft is going on and crew has found an unidentified baggage in the toilet, which does not have any hand baggage tag/identification. What should be the action taken by crew?","विमान के प्रस्थान के लिए बोर्डिंग चल रही है और चालक दल को शौचालय में एक अज्ञात सामान मिला है, जिस पर कोई हैंड बैगेज टैग पहचान नहीं है। चालक दल द्वारा क्या कार्रवाई की जानी चाहिए?","Offload the bag and hand over to security personnel","बैग उतारें और सुरक्षाकर्मियों को सौंप दें","Inform pilot to take aircraft to isolation bay","पायलट को विमान को आइसोलेशन बे में ले जाने की सूचना दें","Make announcement and try to find owner of the bag","घोषणा करें और बैग के मालिक को खोजने का प्रयास करें","Announce about the threat and request the pax to vacate the aircraft?","खतरे की घोषणा करें और पैक्स से विमान खाली करने का अनुरोध करें","Make announcement and try to find owner of the bag","घोषणा करें और बैग के मालिक को खोजने का प्रयास करें"
31,"You are allocated at remote bay guarding grounded aircraft and you received news that bomb exploded in terminal building, What action you will take?","आपको रिमोट बे गार्डिंग ग्राउंडेड एयरक्राफ्ट में आवंटित किया गया है और आपको खबर मिली है कि टर्मिनल बिल्डिंग में बम फट गया है, आप क्या कार्रवाई करेंगे?","Immediately run out of airport","तुरंत एयरपोर्ट से बाहर भागो","Immediately rush to terminal building to see the damage and check if your help is required","क्षति को देखने के लिए तुरंत टर्मिनल भवन की ओर दौड़ें और देखें कि क्या आपकी सहायता की आवश्यकता है","You will be extra alert and vigilant at the aircraft and conduct periodic check of aircraft","आप विमान में अतिरिक्त सतर्क और सतर्क रहेंगे और समय-समय पर विमान की जांच करेंगे","As airport targeted, you will call security in-charge to call CISF to man the aircraft and to relieve at earliest","जैसा कि हवाई अड्डे को लक्षित किया गया है, आप सुरक्षा प्रभारी को सीआईएसएफ को विमान की निगरानी करने और जल्द से जल्द राहत देने के लिए बुलाएंगे","You will be extra alert and vigilant at the aircraft and conduct periodic check of aircraft","आप विमान में अतिरिक्त सतर्क और सतर्क रहेंगे और समय-समय पर विमान की जांच करेंगे"
32,"Sikh passenger want to carry kripan on flight which is routed as Chennai - Mumbai- London you will allow him to carry kripan on person","सिख यात्री चेन्नई-मुंबई-लंदन जाने वाली फ्लाइट में कृपाण ले जाना चाहते हैं। आप उसे व्यक्तिगत रूप से कृपाण ले जाने की अनुमति देंगे","Kripan is allowed from Chennai -mumbai and at Mumbai kripan will be off loaded and kept in register baggage","चेन्नई-मुंबई से कृपाण की अनुमति है और मुंबई में कृपाण को लोड किया जाएगा और रजिस्टर सामान में रखा जाएगा","Kripan will be allowed on person on Chennai Mumbai London flight","कृपाण को चेन्नई-मुंबई-लंदन उड़ान पर व्यक्तिगत रूप से अनुमति दी जाएगी","Kripan would have to be carried in checked- In baggage only from Chennai itself","कृपाण को केवल चेन्नई से ही चेक-इन बैगेज में ले जाना होगा","Suggest the passenger to catch a direct flight from Chennai to londan where kripan can be allowed to be carried","यात्री को चेन्नई से लंदन के लिए सीधी उड़ान पकड़ने का सुझाव दें जहां कृपाण को ले जाने की अनुमति दी जा सकती है","Kripan would have to be carried in checked- In baggage only from Chennai itself","कृपाण को केवल चेन्नई से ही चेक-इन बैगेज में ले जाना होगा"
33,"There is group checking out of which one passenger is carrying a pistol in register bag. What extra precaution you will take?","ग्रुप चेकिंग होती है जिसमें से एक यात्री रजिस्टर बैग में पिस्टल ले जाता है। आप क्या अतिरिक्त सावधानी बरतेंगे?","No extra precaution required","अतिरिक्त सावधानी की आवश्यकता नहीं है","It is a group check-in so it can checked-in on any one passenger name who is in the group","यह एक समूह चेक-इन है, इसलिए यह समूह में शामिल किसी एक यात्री के नाम पर चेक-इन कर सकता है","Check-in of weapon bag should be on the licence holders name only","शस्त्र बैग का चेक-इन लाइसेंस धारक के नाम पर ही होना चाहिए","In group check-in passenger will not carry weapon bag","ग्रुप चेक-इन में यात्री हथियार बैग नहीं ले जा सकेंगे","Check-in of weapon bag should be on the licence holders name only","शस्त्र बैग का चेक-इन लाइसेंस धारक के नाम पर ही होना चाहिए"
34,"Passenger travelling alone with wife and son from IDR-BHO. During SLPC plastic gun and plastic grenade discovered from his bag, What action you will take?","","You will detain pax and inform police to arrest him","","After profiling and questioning if you find him genuine then he can travel along with plastic gun and plastic grenade in hand baggage","","After profiling and questioning if you find him genuine then he can travel but plastic gun and grenade will be loaded in registered baggage.","प्रोफाइलिंग और पूछताछ के बाद यदि आप उसे वास्तविक पाते हैं तो वह यात्रा कर सकता है लेकिन प्लास्टिक की बंदूक और ग्रेनेड को पंजीकृत सामान में लोड किया जाएगा.","You will offload him","आप उसे उतार देंगे","After profiling and questioning if you find him genuine then he can travel but plastic gun and grenade will be loaded in registered baggage.","प्रोफाइलिंग और पूछताछ के बाद यदि आप उसे वास्तविक पाते हैं तो वह यात्रा कर सकता है लेकिन प्लास्टिक की बंदूक और ग्रेनेड को पंजीकृत सामान में लोड किया जाएगा."
35,"The X-ray screener image sees an image of the bag that like organic material in an electronic device but an opaque object blocks most of the area) What happens next?","एक्स-रे स्क्रिनर छवि बैग की एक छवि देखती है जो एक इलेक्ट्रॉनिक उपकरण में जैविक सामग्री की तरह होती है लेकिन एक अपारदर्शी वस्तु अधिकांश क्षेत्र को अवरुद्ध करती है। आगे क्या होगा?","The bag is sent to trace detection and physical search","बैग को ट्रेस डिटेक्शन और फिजिकल सर्च के लिए भेजा जाता है","The bag is searched with HHMD","एचएचएमडी से बैग की तलाशी ली गई","The bag is clear to go past the checkpoint","चौकी से आगे जाने के लिए बैग खाली है","The bag is searched with WTMD","डब्ल्यूटीएमडी से बैग की तलाशी ली गई","The bag is sent to trace detection and physical search","बैग को ट्रेस डिटेक्शन और फिजिकल सर्च के लिए भेजा जाता है"
36,"After the bag is X-Rayed, a pax says that she forgot to remove the handgun found in her purse coming to the airport. She has no authorized papers for the gun. What action should you take?","बैग का एक्स-रे होने के बाद, एक पैक्स का कहना है कि वह हवाई अड्डे पर आने के लिए अपने पर्स में मिली हैंडगन को निकालना भूल गई। उसके पास बंदूक के लिए कोई अधिकृत कागजात नहीं है। आपको क्या कार्रवाई करनी चाहिए?","Allow the pax to pass the checkpoint to pass the checkpoint if there is ammunition. The bag is searched with HHMD","यदि गोला-बारूद है तो पैक्स को चौकी से गुजरने की अनुमति दें। एचएचएमडी से बैग की तलाशी ली गई","Tell the pax to be more careful next time and let pass to the gate area","पैक्स को अगली बार अधिक सावधान रहने के लिए कहें और गेट क्षेत्र में जाने दें","Allow the pax to pass the checkpoint since it seems to be an honest mistake","पैक्स को चौकी से गुजरने दें क्योंकि यह एक ईमानदार गलती लगती है","Notice to Supervisior, and take action as per SOP","सुपरवाइजर को नोटिस, एसओपी के अनुसार कार्रवाई करें","Notice to Supervisior, and take action as per SOP","सुपरवाइजर को नोटिस, एसओपी के अनुसार कार्रवाई करें"
37,"A specific bomb threat call on aircraft has been received at an airport. During the search of the aircraft the First Aid Kit are subjected to thorough search. Now who will reseal the kit if doctors are not available?","एक हवाई अड्डे पर विमान पर एक विशिष्ट बम की धमकी कॉल प्राप्त हुई है। विमान की तलाशी के दौरान प्राथमिक चिकित्सा किट की गहन तलाशी ली जाती है। अब डॉक्टर नहीं मिलेंगे तो किट को फिर से सील कौन करेगा?","CASO","","BDDS","","BTAC","","Airlines security","","Airlines security",""
38,"You are detailed as the PESC supervision in charge and a specific bomb threat call has been received by you. What action will you take?","आप PESC पर्यवेक्षण प्रभारी के रूप में विस्तृत हैं और आपके द्वारा एक विशिष्ट बम धमकी कॉल प्राप्त हुई है। आप क्या कार्रवाई करेंगे?","No action required as the SHA is sterile","","Passengers/staff in Security Hold will evacuate to airside","सिक्योरिटी होल्ड में यात्रियों/कर्मचारियों को एयरसाइड के लिए खाली कर दिया जाएगा","Passengers/staff in Security Hold will evacuate to city side","सिक्योरिटी होल्ड में यात्रियों/कर्मचारियों को शहर की ओर खाली कर दिया जाएगा","Evacuate only the passengers to air side","केवल यात्रियों को हवाई तरफ से निकालें","Passengers/staff in Security Hold will evacuate to city side","सिक्योरिटी होल्ड में यात्रियों/कर्मचारियों को शहर की ओर खाली कर दिया जाएगा"
39,"A non specific threat to terminal building is received at your airport. Who will search the common areas through care takers, cleaners, & watch and ward staff.","आपके हवाईअड्डे पर टर्मिनल बिल्डिंग के लिए एक गैर विशिष्ट खतरा प्राप्त हुआ है। जो केयर टेकर, सफाईकर्मी और वॉच एंड वार्ड स्टाफ के जरिए कॉमन एरिया की तलाशी लेंगे।","Airlines operator","","CASO","","Housekeeping in charge","","Coordinator","","Coordinator",""
40,"An aircraft has been hijacked and lands in one of the airports, where will be the negotiation team positioned?","एक विमान का अपहरण कर लिया गया है और हवाई अड्डों में से एक में उतर गया है, बातचीत करने वाली टीम को कहाँ तैनात किया जाएगा?","At the airport, where aircraft hijacked","एयरपोर्ट पर, जहां विमान हाईजैक हुआ","At the airport, where hijacked aircraft landed","हवाईअड्डे पर, जहां अपहृत विमान उतरा","At Delhi IGI Airport","दिल्ली के आईजीआई एयरपोर्ट पर","At Rashtrapathi Bhavan, Delhi","राष्ट्रपति भवन, दिल्ली","At the airport, where hijacked aircraft landed","हवाईअड्डे पर, जहां अपहृत विमान उतरा"
41,"Some terrorists attacked at the airlines offices in an airport, which contingency plan should adopt?","हवाईअड्डे पर कुछ आतंकवादियों ने एयरलाइन के कार्यालयों पर हमला किया, कौन सी आकस्मिक योजना अपनाई जानी चाहिए?","AHCP","","FFCP","","CTCP","","BTCP","","CTCP",""
42,"An un-attended baggage at parking area, which is seems to be an IED, which kind of contingency plan should be adopted?","पार्किंग क्षेत्र में एक लावारिस सामान, जो आईईडी प्रतीत होता है, किस प्रकार की आकस्मिक योजना को अपनाया जाना चाहिए?","AHCP","","FFCP","","CTCP","","BTCP","","BTCP",""
43,"What you should do, when a VVIP is travelling with his spouse and 2years old baby daughter came for PESC)","आपको क्या करना चाहिए, जब एक वीवीआईपी अपनी पत्नी के साथ यात्रा कर रहा हो और उसकी 2 साल की बेटी पीईसी के लिए आई हो।","Don't frisk and check the VVIP","","Don't frisk and check the spouse of VVIP","वीवीआईपी के जीवनसाथी की तलाशी और जांच न करें","Don't Frisk the VVIP and frisk the 2years old baby daughter of VVIP","वीवीआईपी की 2 साल की बच्ची की जांच-पड़ताल करें","Spouse of VVIP is exempted from PEC","वीवीआईपी के जीवनसाथी को पीईसी से छूट दी गई है","Spouse of VVIP is exempted from PEC","वीवीआईपी के जीवनसाथी को पीईसी से छूट दी गई है"
44,"You are escorting a catering vehicle and you noticed that the security seal has been tampered with. What will be your immediate action?","आप एक कैटरिंग वाहन का मार्गरक्षण कर रहे हैं और आपने देखा कि सुरक्षा मुहर के साथ छेड़छाड़ की गई है। आपकी तत्काल कार्रवाई क्या होगी?","Take the vehicle back to catering establishment immediately","वाहन को तुरंत खानपान प्रतिष्ठान में वापस ले जाएं","Apply new seal/sticker","नई सील/स्टीकर लगाएं","Inform the supervisor immediately","पर्यवेक्षक को तुरंत सूचित करें","No action required as you were escorting it","किसी कार्रवाई की आवश्यकता नहीं है क्योंकि आप इसे एस्कॉर्ट कर रहे थे","Inform the supervisor immediately","पर्यवेक्षक को तुरंत सूचित करें"
45,"Mr. Sharma from Delhi went to visit Vaishno Devi with his family while returning back his mother met with heart attack and died) For carrying her dead body back to Delhi he approaches to spice jet Jammu with all documents which document will be not mandatory for carrying human remain?","दिल्ली से श्री शर्मा अपने परिवार के साथ वैष्णो देवी के दर्शन करने गए थे, वापस लौटते समय उनकी माँ को दिल का दौरा पड़ा और उनकी मृत्यु हो गई। उसके शव को वापस दिल्ली ले जाने के लिए वह सभी दस्तावेजों के साथ स्पाइस जेट जम्मू जाता है, मानव अवशेष ले जाने के लिए कौन सा दस्तावेज अनिवार्य नहीं होगा?","Death certificate from appropriate authority","उपयुक्त प्राधिकारी से मृत्यु प्रमाण पत्र","Embalming certificate by competent authority","सक्षम प्राधिकारी द्वारा संलेपन प्रमाणपत्र","Police clearance certificate","पुलिस क्लीयरेंस प्रमाण पत्र","Cancelled passport of deceased for identity","पहचान के लिए मृतक का रद्द किया गया पासपोर्ट","Cancelled passport of deceased for identity","पहचान के लिए मृतक का रद्द किया गया पासपोर्ट"
46,"You are accepting cargo consignment from a Known Consigner at your cargo warehouse. What you will look for before accepting his cargo?","आप अपने कार्गो गोदाम में एक ज्ञात मालवाहक से माल की खेप स्वीकार कर रहे हैं। उसके माल को स्वीकार करने से पहले आप क्या देखेंगे?","Approval from Airline security","एयरलाइन सुरक्षा से अनुमोदन","Approval from DGCA","डीजीसीए से मंजूरी","Approval from appropriate authority","उपयुक्त प्राधिकारी से अनुमोदन","Approval from Airport Operator","हवाई अड्डे के संचालक से स्वीकृति","Approval from appropriate authority","उपयुक्त प्राधिकारी से अनुमोदन"
47,"Annex 9 primarily focus on","","Aerodromes","","Facilitation","","Aviation Security","","Rules of the air","","Facilitation",""
48,"You are performing the duty of first ladder staff and received newspapers, magazines, cleaning stores and supplies without subjected through security control measures. What will be your course of action?","आप पहली सीढ़ी के कर्मचारियों का कर्तव्य निभा रहे हैं और सुरक्षा नियंत्रण उपायों के अधीन बिना समाचार पत्र, पत्रिकाएं, सफाई स्टोर और आपूर्ति प्राप्त करते हैं। आपकी कार्रवाई का तरीका क्या होगा?","Accept the way it has been received for the flight.","उड़ान के लिए इसे जिस तरह से प्राप्त किया गया है, उसे स्वीकार करें।","Warn the staff for next time and accept it","अगली बार कर्मचारियों को चेतावनी दें और इसे स्वीकार करें","Make the stores and supplies to pass through X-Ray screening or else through physical check.","एक्स-रे स्क्रीनिंग के माध्यम से या भौतिक जांच के माध्यम से दुकानों और आपूर्तियों को पास करें।","Inform supervisor and accept it for the flight.","पर्यवेक्षक को सूचित करें और इसे उड़ान के लिए स्वीकार करें।","Make the stores and supplies to pass through X-Ray screening or else through physical check.","एक्स-रे स्क्रीनिंग के माध्यम से या भौतिक जांच के माध्यम से दुकानों और आपूर्तियों को पास करें।"
49,"If we found a passenger who has purchased air ticket at last minute what will be the course of action?","यदि हमें कोई यात्री मिलता है जिसने अंतिम समय में हवाई टिकट खरीदा है तो क्या कार्रवाई होगी?","Try to know the reason of purchasing ticket at the last moment by proper questioning","अंतिम समय में उचित पूछताछ कर टिकट खरीदने का कारण जानने का प्रयास करें","Don't allow to board him as he may be dangerous","उस पर चढ़ने न दें क्योंकि वह खतरनाक हो सकता है","Ask the airlines how they dare to sell the ticket at last moment","एयरलाइंस से पूछिए कि आखिरी समय में उन्होंने टिकट बेचने की हिम्मत कैसे की","As he is in hurry, his screening procedure should be diluted to clear him fast","चूंकि वह जल्दी में है, उसे तेजी से साफ करने के लिए उसकी स्क्रीनिंग प्रक्रिया को हल्का किया जाना चाहिए","Try to know the reason of purchasing ticket at the last moment by proper questioning","अंतिम समय में उचित पूछताछ कर टिकट खरीदने का कारण जानने का प्रयास करें"
50,"If you discover a suspicious device you have to inform your supervisor by use of radio communication how will you communicate?","यदि आपको एक संदिग्ध उपकरण का पता चलता है तो आपको रेडियो संचार के उपयोग से अपने पर्यवेक्षक को सूचित करना होगा कि आप कैसे संचार करेंगे?","Cannot establish R/T communication because command mechanism can be used","आर/टी संचार स्थापित नहीं कर सकता क्योंकि कमांड तंत्र का उपयोग किया जा सकता है","Cannot establish R/T communication because ambient mechanism can be used","आर/टी संचार स्थापित नहीं कर सकता क्योंकि परिवेश तंत्र का उपयोग किया जा सकता है","Establish R/T communication from a safe distance of 100 mtr","100 मीटर की सुरक्षित दूरी से आर/टी संचार स्थापित करें","Establish R/T communication from a safe distance of 25 mtr","25 मीटर की सुरक्षित दूरी से आर/टी संचार स्थापित करें","Establish R/T communication from a safe distance of 100 mtr","100 मीटर की सुरक्षित दूरी से आर/टी संचार स्थापित करें"
51,"What will be your immediate action when you find some suspicious object?","जब आपको कोई संदिग्ध वस्तु मिलती है तो आपकी तत्काल कार्रवाई क्या होगी?","Inform the CASO wait for further instruction","CASO को सूचित करें और आगे के निर्देश की प्रतीक्षा करें","Touch and verify wheather it is suspicious or not","स्पर्श करें और सत्यापित करें कि यह संदिग्ध है या नहीं","Mark the area evacuate the area and inform to all as per SOP","क्षेत्र को चिन्हित कर क्षेत्र को खाली करें और एसओपी के अनुसार सभी को सूचित करें","Only evacuate items which are near to suspicious object","केवल उन वस्तुओं को खाली करें जो संदिग्ध वस्तु के पास हों","Mark the area evacuate the area and inform to all as per SOP","क्षेत्र को चिन्हित कर क्षेत्र को खाली करें और एसओपी के अनुसार सभी को सूचित करें"
52,"In case of bomb threat you are going for search of TB but you don't know the topography of the area what will you do?","बम की धमकी के मामले में आप टीबी की खोज के लिए जा रहे हैं लेकिन आपको क्षेत्र की स्थलाकृति नहीं पता है तो आप क्या करेंगे?","No need to knows the topography countinue the search","स्थलाकृति को जानने की आवश्यकता नहीं है, खोज जारी रखें","Take help the staff familiar with the location","स्थान से परिचित कर्मचारियों की मदद लें","Can start search without familiar to Terminal Building","टर्मिनल बिल्डिंग से परिचित हुए बिना खोज शुरू कर सकते हैं","Familiarization is not yet all important for search","खोज के लिए परिचित होना अभी तक महत्वपूर्ण नहीं है","Take help the staff familiar with the location","स्थान से परिचित कर्मचारियों की मदद लें"
53,"Before search of building begins, if a searcher finds anything unusual the coordinator will decide","भवन की तलाशी शुरू होने से पहले, यदि खोजकर्ता को कुछ असामान्य लगता है तो समन्वयक निर्णय करेगा","To evacuate the building","इमारत को खाली करने के लिए","Not to evacuate the building","भवन को खाली नहीं करना है","Cancel the search","खोज रद्द करें","Ignore any unusual","किसी असामान्य बात पर ध्यान न दें","To evacuate the building","इमारत को खाली करने के लिए"
54,"A bomb threat comes, search team conducts a search and finds nothing suspicious. What would be the course of action?","बम की धमकी आती है, खोज दल तलाशी लेता है और कुछ भी संदिग्ध नहीं पाता है। कार्रवाई का तरीका क्या होगा?","Inform co-ordinator and mark area clear","समन्वयक को सूचित करें और क्षेत्र को स्पष्ट चिह्नित करें","Repeat the search","खोज दोहराएँ","No action will be taken","कोई कार्रवाई नहीं की जाएगी","No action is required for Bomb threat","बम की धमकी के लिए किसी कार्रवाई की आवश्यकता नहीं है","Inform co-ordinator and mark area clear","समन्वयक को सूचित करें और क्षेत्र को स्पष्ट चिह्नित करें"
55,"In a search of a room if weapon is detected, what action as a searcher should do?","एक कमरे की तलाशी में यदि हथियार का पता चलता है, तो एक खोजी के रूप में क्या कार्रवाई करनी चाहिए?","Immediately safe guard the weapon and notify the search co-ordinator","हथियार को तुरंत सुरक्षित रखें और खोज समन्वयक को सूचित करें","Inform the CASO and Police immediately","तुरंत कासो व पुलिस को सूचित करें","Inform the local Police immediately","तुरंत स्थानीय पुलिस को सूचित करें","No need to inform any the searcher team would done the matter later us","किसी को बताने की जरूरत नहीं है कि खोजकर्ता टीम बाद में हमसे बात करेगी","Immediately safe guard the weapon and notify the search co-ordinator","हथियार को तुरंत सुरक्षित रखें और खोज समन्वयक को सूचित करें"
56,"Before start of patrolling if petrol member of the team found an IED in a vehicle what a team should do?","गश्त शुरू करने से पहले यदि टीम के पेट्रोल सदस्य को वाहन में आईईडी मिला तो टीम को क्या करना चाहिए?","Allow the vehicle to go inside","वाहन को अंदर जाने दें","Inform team leader and do as per SOP","टीम लीडर को सूचित करें और एसओपी के अनुसार करें","Never allow the vehicle go inside airport any condition","किसी भी हालत में वाहन को एयरपोर्ट के अंदर न जाने दें","No need of any additional action required","किसी अतिरिक्त कार्रवाई की आवश्यकता नहीं है","Inform team leader and do as per SOP","टीम लीडर को सूचित करें और एसओपी के अनुसार करें"
57,"A vehicle moving within the SRA or controlled area without switch on anti- collision light, if a patrol party found it. What action they will take immediately?","एक वाहन एसआरए या नियंत्रित क्षेत्र के भीतर बिना टकराने वाली रोशनी के स्विच के बिना चल रहा है, अगर एक गश्ती दल ने इसे पाया। वे तुरंत क्या कार्रवाई करेंगे?","Stop the vehicle and takeout from area and do as per SOP","वाहन को रोकें और क्षेत्र से टेकआउट करें और एसओपी के अनुसार करें","No need to disturb a vehicle","किसी वाहन को डिस्टर्ब करने की जरूरत नहीं है","Report about the incident to concern organization","संबंधित संगठन को घटना के बारे में रिपोर्ट करें","Ignore it because it is not security concerned","इसे अनदेखा करें क्योंकि यह सुरक्षा से संबंधित नहीं है","Stop the vehicle and takeout from area and do as per SOP","वाहन को रोकें और क्षेत्र से टेकआउट करें और एसओपी के अनुसार करें"
58,"An employee reported for duty at apron without high visible jacket what action ASG will take?","एक कर्मचारी ने बिना हाई विजिबल जैकेट के एप्रन पर ड्यूटी के लिए रिपोर्ट किया, एएसजी क्या कार्रवाई करेगा?","Allow the employee","कर्मचारी को अनुमति दें","Don't allow the employee and inform team leader and do as per SOP","कर्मचारी को अनुमति न दें और टीम लीडर को सूचित करें और एसओपी के अनुसार करें","Detain the employee","कर्मचारी को हिरासत में लें","To provide high visible jacket","उच्च दृश्यमान जैकेट प्रदान करने के लिए","Don't allow the employee and inform team leader and do as per SOP","कर्मचारी को अनुमति न दें और टीम लीडर को सूचित करें और एसओपी के अनुसार करें"
59,"If a person found during patrol without SRA pass what action a patrol party to take?","यदि कोई व्यक्ति एसआरए के बिना गश्त के दौरान पाया जाता है तो एक गश्ती दल क्या कार्रवाई करेगा?","Warm him not to do so again","उसे दोबारा ऐसा न करने की चेतावनी दें","Expelled him from the premises of airport","उसे हवाई अड्डे के परिसर से बाहर निकाल दिया","Detain him and call Police","उसे हिरासत में लें और पुलिस को बुलाएं","Work as per SOP","एसओपी के अनुसार काम करें","Work as per SOP","एसओपी के अनुसार काम करें"
60,"In case of sudden light failure a radio communication should be done on what interval?","अचानक प्रकाश की विफलता के मामले में एक रेडियो संचार किस अंतराल पर किया जाना चाहिए?","Communication will be established every 60 min","हर 60 मिनट में संचार स्थापित किया जाएगा","Communication will be established every 30 min","हर 30 मिनट में संचार स्थापित किया जाएगा","communication will be continued till light comes","प्रकाश आने तक संचार जारी रहेगा","No communication should be established","कोई संचार स्थापित नहीं किया जाना चाहिए","Communication will be established every 30 min","हर 30 मिनट में संचार स्थापित किया जाएगा"
61,"What action to be taken on attempt of unauthorized access to SRA?","","Inform duty team leader and police","","Inform team leader","","No action to be taken","","Inform security manager","","Inform duty team leader and police",""
62,"In case of broken fencing what would be the task of patrol party?","बाड़ टूट जाने की स्थिति में गश्ती दल का क्या कार्य होगा?","Initiate fencing repair","बाड़ की मरम्मत शुरू करें","Inform airport operator for repair","मरम्मत के लिए एयरपोर्ट संचालक को सूचित करें","Team leader to be intimated and work as per SOP","टीम लीडर को सूचित किया जाए और एसओपी के अनुसार कार्य किया जाए","Deploy the team near broken fencing","टीम को टूटी फेंसिंग के पास तैनात करें","Team leader to be intimated and work as per SOP","टीम लीडर को सूचित किया जाए और एसओपी के अनुसार कार्य किया जाए"
63,"If a hearing disability person indicates that he does not understand the instructions, what the screener should do?","यदि सुनने में अक्षम व्यक्ति इंगित करता है कि वह निर्देशों को नहीं समझता है, तो स्क्रीनर को क्या करना चाहिए?","look directly at him and repeat information slowly by screener","उसे सीधे देखें और स्क्रीनर द्वारा धीरे-धीरे जानकारी को दोहराएं","No need to see any disability","किसी अक्षमता को देखने की जरूरत नहीं है","Ignore the disability feature and continue screening","विकलांगता के लक्षण पर ध्यान न दें और स्क्रीनिंग जारी रखें","Will Apply less concentration performing and screening on humanity ground","मानवता के धरातल पर प्रदर्शन और स्क्रीनिंग में कम एकाग्रता लगाएंगे","look directly at him and repeat information slowly by screener","उसे सीधे देखें और स्क्रीनर द्वारा धीरे-धीरे जानकारी को दोहराएं"
64,"If a pax comes to you and says that he is a diabetic patient. He is having unused syringes in bulk. What is your course of action?","यदि कोई व्यक्ति आपके पास आकर कहे कि वह मधुमेह का रोगी है। उसके पास बड़ी मात्रा में अप्रयुक्त सीरिंजें हैं। आपकी कार्रवाई का तरीका क्या है?","Detain the passenger and inform the supervisor","यात्री को रोकें और पर्यवेक्षक को सूचित करें","Ask the pax to carry the syringes in checked baggage","पैक्स को चेक किए गए सामान में सीरिंज ले जाने के लिए कहें","See the documents and allow in carry-on baggage","दस्तावेज़ देखें और कैरी-ऑन बैगेज में अनुमति दें","Syringe is not a prohibited item, so it will be allowed","सिरिंज प्रतिबंधित वस्तु नहीं है, इसलिए इसकी अनुमति दी जाएगी","See the documents and allow in carry-on baggage","दस्तावेज़ देखें और कैरी-ऑन बैगेज में अनुमति दें"
65,"A pax comes and says that he has implanted pacemaker and he does not want to walk through DFMD?","एक पैक्स आता है और कहता है कि उसने पेसमेकर लगाया है और वह DFMD से नहीं चलना चाहता है?","Follow' no search, no fly'","'नो सर्च, नो फ्लाई' को फॉलो करें","Convince the passenger that DFMD is safe for pacemaker","यात्री को समझाएं कि डीएफएमडी पेसमेकर के लिए सुरक्षित है","Conduct pat down search","पैट डाउन सर्च करें","Both B and C","","Both B and C",""
66,"A Passenger reported for screening having crutches is not fit through the X-Ray machine what the screener should do?","स्क्रीनिंग के लिए रिपोर्ट किया गया एक यात्री बैसाखी के साथ एक्स-रे मशीन के माध्यम से फिट नहीं है, स्क्रीनर को क्या करना चाहिए?","Hand inspection of equipment will be done","उपकरणों का हाथ से निरीक्षण किया जाएगा","Passenger will not be allowed","यात्री की अनुमति नहीं होगी","On humanity ground, that is allowed","मानवता के आधार पर, इसकी अनुमति है","Passenger will be allowed without crutches","यात्री को बिना बैसाखी के जाने दिया जाएगा","Hand inspection of equipment will be done","उपकरणों का हाथ से निरीक्षण किया जाएगा"
67,"A screener found insulin pump in the hand baggage of pax while x-ray screening. what he should do?","एक स्क्रिनर को एक्स-रे स्क्रीनिंग के दौरान पैक्स के हैंड बैगेज में इंसुलिन पंप मिला। उसे क्या करना चाहिए?","Insulin is not prohibited item so allow the passenger","इंसुलिन निषिद्ध वस्तु नहीं है इसलिए यात्री को अनुमति दें","Insulin is not allowed","इंसुलिन की अनुमति नहीं है","Insulin should be carried in registered baggage","इंसुलिन को पंजीकृत सामान में ले जाना चाहिए","Ensure insulin must accompany printed label","सुनिश्चित करें कि इंसुलिन मुद्रित लेबल के साथ होना चाहिए","Ensure insulin must accompany printed label","सुनिश्चित करें कि इंसुलिन मुद्रित लेबल के साथ होना चाहिए"
68,"A pregnant woman comes and denies to be screened through metal detector. What action would you take as a screener?","कोई गर्भवती महिला आती है और मेटल डिटेक्टर से जांच कराने से मना कर देती है। एक स्क्रिनर के रूप में आप क्या कार्रवाई करेंगे?","Don't allow without metal detector check","बिना मेटल डिटेक्टर जांच के अनुमति न दें","Convince that the metal detector is safe for pregnant woman","समझाएं कि मेटल डिटेक्टर गर्भवती महिला के लिए सुरक्षित है","Conduct pat down search","पैट डाउन सर्च करें","She is bound to go through metal detector","वह मेटल डिटेक्टर से गुजरने के लिए बाध्य है","Conduct pat down search","पैट डाउन सर्च करें"
69,"If a pax comes and demands for wheel chairs from a screener what he should do?","यदि कोई पैक्स आता है और स्क्रिनर से व्हील चेयर की मांग करता है तो उसे क्या करना चाहिए?","Don't provide because it is not security concern","प्रदान न करें क्योंकि यह सुरक्षा चिंता का विषय नहीं है","Don't hesitate to offer wheel chair","व्हील चेयर देने में संकोच न करें","Call airline staff to facilitate the passenger","यात्री की सुविधा के लिए एयरलाइन स्टाफ को कॉल करें","Ask the passenger to contact concerned airport operator","यात्री को संबंधित एयरपोर्ट ऑपरेटर से संपर्क करने के लिए कहें","Call airline staff to facilitate the passenger","यात्री की सुविधा के लिए एयरलाइन स्टाफ को कॉल करें"
70,"If a passenger becomes too violent, to be controlled, a restraint should be used on the passenger until the passenger is handed over to","यदि कोई यात्री इतना हिंसक हो जाता है कि नियंत्रित नहीं किया जा सकता है, तो यात्री को को सौंपे जाने तक यात्री पर संयम का प्रयोग किया जाना चाहिए।","ASG","","Immigration","","law enforcement authority","","Airline security","","law enforcement authority",""
71,"Miss Ragini travels from Delhi to Hyderabad on jet airways flight 9W 213 and from Hyderabad to Tirupati on the same flight She will be termed as","सुश्री रागिनी जेट एयरवेज की उड़ान 9W 213 में दिल्ली से हैदराबाद की यात्रा करती हैं और उसी उड़ान से हैदराबाद से तिरुपति की यात्रा करती हैं, उन्हें कहा जाएगा","Interline passenger","","Transfer passenger","","Transit","","Inline","","Transit",""
72,"Mr. Rajesh travels from Delhi to Hyderabad on jet airways flight 9W 213 and from Hyderabad to Tirupati on 9W 224 the same flight he will be termed as","श्री राजेश जेट एयरवेज की उड़ान 9W 213 पर दिल्ली से हैदराबाद की यात्रा करते हैं और हैदराबाद से तिरुपति की यात्रा 9W 224 उसी उड़ान से करते हैं, उन्हें कहा जाएगा","Interline passenger","","Transfer passenger","","Transit","","Inline","","Transfer passenger",""
73,"Miss Ranjeeta travels from Delhi to Hyderabad on jet airways flight 9W 213 and from Hyderabad to Tirupati on the IC 2121 she will be termed as","कुमारी रंजीता जेट एयरवेज की उड़ान 9W 213 में दिल्ली से हैदराबाद की यात्रा करती हैं और IC 2121 पर हैदराबाद से तिरुपति की यात्रा करती हैं, उन्हें कहा जाएगा","Interline passenger","","Transfer passenger","","Transit","","Inline","","Interline passenger",""
74,"Ram is travelling to Delhi from Hyderabad he is suffering from the disease of fits, while checking up it is found that he is a patient of epilepsy which rule will be applied to him","राम हैदराबाद से दिल्ली जा रहा है, दौरे की बीमारी से पीड़ित है, जाँच करने पर पता चला कि वह मिर्गी का रोगी है, उस पर कौन सा नियम लागू होगा","Rule 24 A","","Rule 24 B","","Rule 24","","Rule 24 C","","Rule 24 B",""
75,"Roshan is traveling to Goa along with his Girl friend) When he boarded the flight and flight roll out from apron one of his co-passenger Rodrig starts molesting his girl friend) Mr Rodrig is a","रोशन अपनी गर्ल फ्रेंड के साथ गोवा जा रहा है। जब वह एप्रन से फ्लाइट और फ्लाइट रोल आउट करता है तो उसका एक सह-यात्री रोड्रिग उसकी गर्ल फ्रेंड से छेड़छाड़ करना शुरू कर देता है। श्री रोड्रिग एक हैं","Disruptive","","Unruly","","Criminal","","Eveteaser","","Unruly",""
76,"After embarkation in a flight which is in maneuvering area Ranjeet says that one of my friend has captured pilot in command now the flight is under my control Ranjeet is committing ----- offence","एक उड़ान में सवार होने के बाद जो युद्धाभ्यास क्षेत्र में है रणजीत कहता है कि मेरे एक मित्र ने पायलट को कमांड में पकड़ लिया है अब उड़ान मेरे नियंत्रण में है रणजीत ----- अपराध कर रहा है","Threatening","","Commandering","","Hijacking","","looting","","Hijacking",""
77,"Aerosols comes under which category of dangerous goods?","","Flammable liquids","","Gases","","Flammable solids","","Oxidizers","","Gases",""
78,"Rakesh is a COE who is authorized by law to carry explosives, what is the full form of COE","राकेश एक COE है जो कानूनी रूप से विस्फोटक ले जाने के लिए अधिकृत है, COE का पूर्ण रूप क्या है","Controller ordinance explosive","","Controller of explosive","","Commander of explosive","","Controller of explosion","","Controller of explosive",""
79,"Ram told Shyam that ICAO is the out come of the convention held in 1944, Ram is talking about which convention","राम ने श्याम से कहा कि आईसीएओ 1944 में हुए अधिवेशन का परिणाम है, राम किस अधिवेशन की बात कर रहे हैं","Montreal Convention","मॉन्ट्रियल कन्वेंशन","Hague Convention","हेग कन्वेंशन","Chicago convention","शिकागो सम्मेलन","Tokyo Convention","टोक्यो कन्वेंशन","Chicago convention","शिकागो सम्मेलन"
80,"Rajat told Sita that Hijacking was first defined in the convention which is held in 1970 he is talking about which convention","रजत ने सीता से कहा कि अपहरण को पहली बार 1970 में हुए सम्मेलन में परिभाषित किया गया था, वह किस सम्मेलन के बारे में बात कर रहा है","Montreal Convention","","Hague Convention","","Chicago convention","","Tokyo Convention","","Hague Convention",""
81,"Rajeev asked Surabhi that the definition of Aircraft in Flight is defined in the convention held on 1963 he is talking about which convention","राजीव ने सुरभि से पूछा कि 1963 के अधिवेशन में वायुयान की परिभाषा परिभाषित की गई है, वह किस परिपाटी की बात कर रहा है?","Montreal Convention","","Hague Convention","","Chicago convention","","Tokyo Convention","","Tokyo Convention",""
82,"Rosy is travelling to Goa from Delhi. She has deposited 02 baggage's at the Jet Airways counter and boarded the flight after completion of Pre-embarkation security check. On arrival at Goa she found that her bags were not loaded in that flight. Her baggage will be termed as?","रोजी दिल्ली से गोवा की यात्रा कर रही है। उसने जेट एयरवेज के काउंटर पर 02 सामान जमा किया है और पूर्व-उड़ान सुरक्षा जांच पूरी करने के बाद उड़ान में सवार हुई है। गोवा पहुंचने पर उसने पाया कि उस फ्लाइट में उसका बैग लोड नहीं था। उसके सामान के रूप में कहा जाएगा?","Unclaimed baggage","","Missed Baggage","","Unidentified Baggage","","Mishandled Baggage","","Mishandled Baggage",""
83,"A diplomat arrived at airport authority control room to collect diplomatic bag. What will not be the correct procedure to be followed?","एयरपोर्ट अथॉरिटी के कंट्रोल रूम में एक डिप्लोमैट डिप्लोमैटिक बैग लेने पहुंचा। पालन की जाने वाली सही प्रक्रिया क्या नहीं होगी?","They will report to the airport authority control room","वे एयरपोर्ट अथॉरिटी कंट्रोल रूम को रिपोर्ट करेंगे","They will be issued temporary pass","उन्हें अस्थाई पास जारी किया जाएगा","Airport authority vehicle has to be provided","एयरपोर्ट अथॉरिटी का वाहन उपलब्ध कराना होगा","Diplomat has to go through back ground check","डिप्लोमैट को बैक ग्राउंड चेक से गुजरना होगा","Diplomat has to go through back ground check","डिप्लोमैट को बैक ग्राउंड चेक से गुजरना होगा"
84,"Jooly while travelling from Bengaluru to Hyderabad forgot to collect her Checked-in bag in the arrival hall at Hyderabad) The bag will be called","बेंगलुरु से हैदराबाद की यात्रा के दौरान जूली अपना चेक-इन बैग हैदराबाद के आगमन हॉल में लेना भूल गई। बैग कहा जाएगा","Unattended Bag","","Unidentified Bag","","Unclaimed Bag","","Mishandled Bag","","Unclaimed Bag",""
85,"Ruchika while travelling from Bengaluru to Hyderabad forgot to collect her in the SHA at Bengaluru. The bag will be called","रुचिका बेंगलुरु से हैदराबाद की यात्रा के दौरान उसे बेंगलुरु के SHA में लेना भूल गई। बैग कहा जाएगा","Unattended Bag/ Unidentified","","Unaccompanied bag","","Unclaimed Bag","","Mishandled Bag","","Unattended Bag/ Unidentified",""
86,"Sunaina sleeps in the SHA after completion of Pre-Embarkation Security Check and missed her flight. She will be called","सुनैना प्री-इम्बार्केशन सुरक्षा जांच पूरी होने के बाद एसएचए में सोती है और उसकी उड़ान छूट जाती है। उसे बुलाया जाएगा","No Show Passenger","","Gate No-Show Passenger","","Unrully Pasenger","","Disruptive Passenger","","Gate No-Show Passenger",""
87,"An article is looking like a knife but is made of wood, what will you do when you detect such item:","एक वस्तु चाकू की तरह दिखती है लेकिन लकड़ी से बनी है. ऐसी वस्तु का पता चलने पर आप क्या करेंगे:","Will be removed","हटा दिया जाएगा","Local police should be informed","स्थानीय पुलिस को सूचना देनी चाहिए","Supervisor should be informed","पर्यवेक्षक को अवगत कराया जाए","Both A & C","","Both A & C",""
88,"What is the fragmentation effect of explosion of TNT?","टीएनटी के विस्फोट का विखंडन प्रभाव क्या है?","25,000 km/hrs","25,000 किमी/घंटा","6000 km/hrs","6000 किमी/घंटा","60-100 FEET","60-100 फीट","20,000 km/hrs","20,000 किमी/घंटा","25,000 km/hrs","25,000 किमी/घंटा"
89,"Which of the following agency is not the part of BTAC in specific threat?","निम्नलिखित में से कौन सी एजेंसी विशिष्ट खतरे में बीटीएसी का हिस्सा नहीं है?","Local Police","","BDDS","","APD","","RD BCAS","","RD BCAS",""
90,"Patrolling is carried out at?","पेट्रोलिंग की जाती है?","Building","","Perimeter side roads","","ATC","","Check-in-area","","Perimeter side roads",""
91,"CHTF belongs from which force?","सीएचसीपी किस बल से संबंधित है?","Indian army","","NSG","","Local Police","","ASG","","NSG",""
92,"Access control points equipments should be in good working conditions this is....","एक्सेस कंट्रोल पॉइंट उपकरण अच्छी कामकाजी परिस्थितियों में होना चाहिए...","Requirement of DGCA","डीसीजीए की आवश्यकता","We must not disclose it to passenger","हमें इसे यात्री के सामने प्रकट नहीं करना चाहिए","For better access control","","It can lead to passenger facilitation","इससे यात्रियों को सुविधा हो सकती है","Requirement of DGCA","डीसीजीए की आवश्यकता"
93,"Which one is not related to aviation security?","कौन सा उड्डयन सुरक्षा से संबंधित नहीं है?","Aircraft Act 1934","","Aircraft Rule 1937","","AAI Act 1994","","RTI Act 2005","","RTI Act 2005",""
94,"Break down of X-BIS machine is recorded in which register?","एक्स-बीआईएस मशीन का टूटना किस रजिस्टर में दर्ज किया जाता है?","X-BIS maintanence registor","","Screeners log book","","Physical check register","","S.O.P.","","Screeners log book",""
95,"AVSEC Awareness training (Refresher) is provided after how much time?","AVSEC जागरूकता प्रशिक्षण (पुनश्चर्या) कितने समय के बाद प्रदान किया जाता है?","Once in a year","","After reissue If AEP","","Once in 2 Years","","Once in 5 years","","Once in a year",""
96,"If you are deployed at airlines counters, what will be your duty?","यदि आप एयरलाइन काउंटरों पर तैनात हैं, तो आपका क्या कर्तव्य होगा?","Survillance of the counter","काउंटर की उत्तरजीविता","Checking of passenger and it,s documents","यात्री और उसके दस्तावेजों की जांच","Facilitating passengers","यात्रियों को सुविधा","Helping airline staff to enhance security","सुरक्षा बढ़ाने के लिए एयरलाइन कर्मचारियों की मदद करना","Helping airline staff to enhance security","सुरक्षा बढ़ाने के लिए एयरलाइन कर्मचारियों की मदद करना"
97,"What is the full form of RAW?","रॉ का पूर्ण रूप क्या है?","Research and Analysis Wing","","Research Army Wing","","Raw materials","","Registered weapons","","Research and Analysis Wing",""
98,"Which of the following is not used for passenger searching?","यात्रियों की खोज के लिए निम्नलिखित में से किसका उपयोग नहीं किया जाता है?","WTMD","","HHMD","","DFMD","","MRTD","","MRTD",""
99,"The.. weapon achieve their intended effects by infecting people with deliberate release of dangerous BACTERIA, VIRUS etc....?","..हथियार जानबूझकर लोगों को खतरनाक बैक्टीरिया, वायरस आदि के रिलीज के साथ संक्रमित करके अपने इच्छित प्रभाव को प्राप्त करता है...?","Chemical","","Biological","","Nuclear","","Radiological","","Biological",""
100,"Straight razor blade falls under which category of prohibited items?","सीधा उस्तरा किस श्रेणी की निषिद्ध वस्तुओं के अंतर्गत आता है?","Weapon","","Explosive","","Stunning device","","Sharp and pointed edged objectss","","Sharp and pointed edged objectss",""
101,"In civil aviation, industries have developed various counter measures to counter the threat. One of the measures is..?","नागरिक उड्डयन में, उद्योगों ने खतरे का मुकाबला करने के लिए विभिन्न काउंटर उपाय विकसित किए हैं। उपायों में से एक है..?","Technical","तकनीकी","Presumption","अनुमान","Theoretical","सैद्धांतिक","Hypothesis","परिकल्पना","Technical","तकनीकी"
102,"Which annexure contains Standards and Recommended Practices (SARPs) related to customs, immigration, public health, and agriculture, aiming to streamline the clearance of aircraft, passengers, and cargo at airports.?","किस अनुलग्नक में सीमा शुल्क, आव्रजन, सार्वजनिक स्वास्थ्य और कृषि से संबंधित मानक और अनुशंसित अभ्यास (SARP) शामिल हैं, जिसका उद्देश्य हवाई अड्डों पर विमान, यात्रियों और कार्गो की निकासी को सुव्यवस्थित करना है।","Annex 18","","Annex 19","","Annex 9","","Annex 17","","Annex 9",""
103,"What are the arrangements to mitigate the risk of drive in attacks into the terminal building?","टर्मिनल भवन में ड्राइव-इन हमलों के जोखिम को कम करने के लिए क्या व्यवस्थाएं हैं?","Metal barriers and bollards","","Drop Arm barrier","","Regular patrols of public area","","nakas","","Metal barriers and bollards",""
104,"What is the duty of ASG deployed at the entry point of the airside gate of the cargo terminal?","कार्गो टर्मिनल के एयरसाइड गेट के प्रवेश बिंदु पर तैनात एएसजी का क्या कर्तव्य है?","Security sticker pasted on the ULD/palletized cargo","यूएलडी/पैलेटाइज्ड कार्गो पर चिपकाया गया सुरक्षा स्टिकर।","Countersign on cargo manifest","कार्गो मेनिफेस्ट पर काउंटरसाइन","Access control of persons/ vehicles","व्यक्तियों/वाहनों का प्रवेश नियंत्रण","All the above","उपरोक्त सभी","All the above","उपरोक्त सभी"
105,"A document signed by a person authorised by a known consignor or regulated agent certifying that the consignment to which the document refers is known cargo or mail which has been secured in accordance with the relevant aviation security measures? This document is known as?","नोन कंसिग्नर या रेगुलेटेड एजेंट द्वारा अधिकृत व्यक्ति द्वारा हस्ताक्षरित एक दस्तावेज जो यह प्रमाणित करता है कि जिस खेप का दस्तावेज संदर्भ देता है वह ज्ञात कार्गो या मेल है जिसे प्रासंगिक विमानन सुरक्षा उपायों के अनुसार सुरक्षित किया गया है? इस दस्तावेज को किस नाम से जाना जाता है","Airway bill","","Cargo manifest","","Consignment Security Declaration","","Declaration Certificate","","Consignment Security Declaration",""
106,"Among the following whose name will not figure in the access control stop list?","निम्नलिखित में से किसका नाम एक्सेस कंट्रोल स्टॉप सूची में नहीं होगा?","person who have lost his AEP","","Person who has been blacklisted by the airport","","Person whose AEP has been stolen","","Person without ticket","","Person without ticket",""
107,"Airside access control point of cargo premises shall be guarded by?","कार्गो परिसर के एयरसाइड प्रवेश नियंत्रण बिंदु की सुरक्षा किसके द्वारा की जाएगी?","Regulated agent","","Airlines Operator","","ASG/APSU","","Airport operator","","ASG/APSU",""
108,"UVSS is an equipment which is used for the inspection of the?","UVSS एक उपकरण है जिसका उपयोग किसके निरीक्षण के लिए किया जाता है?","Passengers","","Cargo","","Catering supplies","","Vehicles","","Vehicles",""
109,"Among the following which is not an objective of security guarding at airports?","निम्नलिखित में से कौन सा हवाई अड्डों पर सुरक्षा का उद्देश्य नहीं है?","Protect vulnerable/vital airport facilities","संवेदनशील/महत्वपूर्ण हवाईअड्डा सुविधाओं की सुरक्षा करना","Control the movement of people and vehicles","लोगों और वाहनों की आवाजाही को नियंत्रित करना","Deter and prevent attack against airport facilities","हवाईअड्डा सुविधाओं पर हमले को रोकना","To provide free access to general public","आम जनता को मुफ्त पहुंच प्रदान करना","To provide free access to general public","आम जनता को मुफ्त पहुंच प्रदान करना"
110,"Among the following who cannot pose insider threat?","निम्नलिखित में से कौन अंदरूनी खतरा पैदा नहीं कर सकता है?","Airline employees","","Taxi cab and other transportation specialists","","Construction and maintenance crew at airports","","Passengers","","Passengers",""
111,"Maximum weight of postal mail is?","","500 gm","","250 gm","","200 gm","","300 gm","","200 gm",""
112,"What is the primary security concern with the catering supplies?","खानपान आपूर्ति के संबंध में प्राथमिक सुरक्षा चिंता क्या है?","Poor food quality","","Theft of food items","","Delays in meal preparation","","Introduction of prohibited item or IEDS","","Introduction of prohibited item or IEDS",""
113,"The area between screening check point and boarding gate into which access is controlled and additional security measures are applied is known as?","स्क्रीनिंग चेक प्वाइंट और बोर्डिंग गेट के बीच का क्षेत्र जिसमें प्रदेश नियंत्रित होता है और अतिरिक्त सुरक्षा उपाय लागू होते हैं. क्या कहलाता है?","Controlled Area","","Restricted Area","","Forecourt Area","","Security Hold Area","","Security Hold Area",""
114,"What is not true regarding the carriage of live animals?","जीवित पशुओं को ले जाने के संबंध में क्या सत्य नहीं है?","Live animal not to be put through X_Ray","","Live animal may be carried as cargo or registered baggage","","Certificate from physician","","Cage/Box to be examined either physically or X-ray","","Certificate from physician",""
115,"Two main functions of preventative cargo security measures are?","निवारक कार्गो सुरक्षा उपायों के दो मुख्य कार्य हैं?","X-ray and physical check","","Deter and Detect","","Baseline and high risk","","Detect and React","","Deter and Detect",""
116,"Among the following who is a aware passenger?","","Naive","","Partly Naive","","Framed Terrorist","","Suicidal Terrorist","","Suicidal Terrorist",""
117,"All passengers can be classified as and based on the suspicious sign in appearance and behaviour displayed by them?","सभी यात्रियों को उनके द्वारा प्रदर्शित संदिग्ध उपस्थिति और व्यवहार के आधार पर और के रूप में वर्गीकृत किया जा सकता है?","Aware and Unaware","","Naive and partly naïve","","Terrorist and hijacker","","Threatning and non-threatning","","Threatning and non-threatning",""
118,"What are the equipments or tools used for profiling?","","X-BIS","","Metal detectors","","Biometrics","","All the above","","All the above",""
119,"Who will guard at entry/exit to cargo complex and sterile area beyond cargo screening points at the airport ?","हवाई अड्डे पर कार्गो स्क्रीनिंग बिंदुओं से परे कार्गो कॉम्प्लेक्स और बाँझ क्षेत्र में प्रवेश / निकास पर कौन पहरा देगा?","Regulate agent","","APSU/ASG","","Airline","","local police","","APSU/ASG",""
120,"Attack by magnetic system comes under which type of threat?","","Conventional threat","","New and Emerging","","Traditional threat","","Modern threat","","New and Emerging",""
